Link,Occurred,City,State,Country,Shape,Summary,Media,Explanation
Open,1/30/2025 18:00,Maldon,England,United Kingdom,Orb,Small white / Blue orb moving sporadically through the sky,Y,Drone?
Open,1/28/2025 20:33,Sabina,OH,USA,Unknown,"A green-lit object appeared above me, phased in/out, turned red underneath, then vanished at high speed in a blink.",,Drone?
Open,1/28/2025 19:32,Formby,England,United Kingdom,Orb,Pulsating green light moved swiftly in straight lines across the sky before disappearing,Y,Drone?
Open,1/28/2025 10:40,Springfield,OH,USA,Cross,"At 10:40 AM EST, I saw a metallic, X-shaped object in the sky. No planes were on radar, confirming it wasn’t a conventional aircraft.",Y,Drone?
Open,1/27/2025 17:55,New York Mills,NY,USA,Light,it was 3 round red lights next to 3 round green lights and it was moving,Y,Drone?
Open,1/26/2025 22:00,Bradford,OH,USA,Sphere,Possible drones but do not know why there are so many or why they are out every night.,,Drone?
Open,1/25/2025 22:20,Tucson,AZ,USA,Other,Loud motorized possible drone that flew over neighborhood for 20 minutes,,Drone?
Open,1/25/2025 19:20,Belleville,MI,USA,Light,Watched as multiple crafts moved across the sky at unusual speeds in unusual patterns.,,Drone?
Open,1/24/2025 17:48,Bolingbrook,IL,USA,Light,Was driving a friend home when we spotted a non-flashing light in the sky moving fast,Y,Drone?
Open,1/23/2025 21:15,Chicago,IL,USA,Triangle,"Appeared to change its light or even its shape, shifting from a boomerang-like object to a large circle",Y,Drone?
Open,1/22/2025 23:43,Anacapri,Campania,Italy,Rectangle,I was smoking outside my house and I saw this big drone flying up my house,,Drone?
Open,1/22/2025 21:45,Beaverton,OR,USA,Orb,Bright white orb turned into another craft,Y,Drone?
Open,1/22/2025 21:26,San Antonio,TX,USA,Changing,Stationary craft and then moving around 50 mph,Y,Drone?
Open,1/22/2025 20:54,Myerstown,PA,USA,Formation,Three drones shaped like civilian planes flew in formation over home. Not civilian planes and not showing on radar.,Y,Drone?
Open,1/22/2025 20:38,Belle River,ON,Canada,Changing,Daughter noticed bright maneuivering object in the sky and started filming with phone,Y,Drone?
Open,1/22/2025 5:40,Needles,CA,USA,Chevron,"Saw about 6 bright lights in the sky above a house hovering , once I turned on the street the object slowly flew away",Y,Drone?
Open !,1/22/2025 2:02,Saint Marys,ON,Canada,Unknown,"Driving home, came up hill and blinded by bright red and white lights.",,Drone?
Open,1/21/2025 23:46,Anacapri,Campania,Italy,Rectangle,"I was smoking outside my house and I saw a big drone, it was really close to my house. In fact, I can see the body of the drone",,Drone?
Open,1/20/2025 18:50,Saipan,Saipan,Northern Mariana Islands,Orb,"Shortly after sunset, I was stargazing & saw a green orb, unmoving, then it turned red & went west then south towards horizon/houses.",,Drone?
Open,1/20/2025 1:30,Socastee,SC,USA,Oval,I watched for 10 min and it did not move,,Drone?
Open,1/17/2025 21:42,Philadelphia,PA,USA,Cigar,"As I was out with my dog, I saw a light coming towards me. It was flying low. It seemed to go in a zigzag pattern. Nothing like a plane",Y,Drone?
Open,1/17/2025 19:15,Newberg,OR,USA,Orb,Drone and a darting color changing orb.,Y,Drone?
Open,1/16/2025 21:45,Riverview,FL,USA,Unknown,"Circling Craft - red&green solid lights and a red blinking light underneath, but I couldn’t discern the shape",,Drone?
Open,1/16/2025 19:45,Palm Coast,FL,USA,Changing,I watched this craft split into a couple different pieces.,Y,Drone?
Open,1/16/2025 17:37,Anoka,MN,USA,Unknown,Driving down Highway one saw ufo out passenger window,Y,Drone?
Open,1/16/2025 6:18,Columbia,MD,USA,Circle,"1 large craft and 2 smaller following. It was massive. Red, green, and white lights flashing",Y,Drone?
Open,1/16/2025 2:00,Lakeside,CA,USA,Orb,Weird drone with flashing blue and red lights.,,Drone?
Open,1/15/2025 19:30,Forest Park,IL,USA,Changing,I witnessed not a plane but possibly lg. drones. They were coming from north west area in sky and coming one after another,Y,Drone?
Open,1/15/2025 19:09,Ogden,UT,USA,Orb,Saw yellow 3 orbs fly over my house in Ogden Utah.,Y,Drone?
Open,1/14/2025 19:25,Palatine,IL,USA,Diamond,3 low flying slow moving craft flying due north of standard flight path into Ohare,,Drone?
Open,1/14/2025 19:08,Beloit,WI,USA,Orb,Orbs and “drones” flying lower than the stars,Y,Drone?
Open,1/14/2025 18:30,Hayden,ID,USA,Cross,Observed multiple drones near Coeur d’Alene airport and flying in a circular pattern at low altitude over private neighborhoods.,Y,Drone?
Open,1/13/2025 18:10,Augusta,ME,USA,Light,Second sighting within 30 days,Y,Drone?
Open,1/13/2025 18:09,Philadelphia,PA,USA,Cone,"I saw the Aircraft after twilight on the edge of controlled airspace, going WB on Schulkyll river",,Drone?
Open,1/13/2025 18:03,Crystal Lake,IL,USA,Changing,Witnessed large bright light hovering over homes. It slowly ascended upwards then headed east.,Y,Drone?
Open,1/12/2025 22:55,Vemundvik,Trøndelag,Norway,Cube,Big cube drone. With lights on. Stopped the car to take pictures and it just went behind the trees and dissapeared.,,Drone?
Open,1/11/2025 1:26,Jarrell,TX,USA,Oval,A friend following me home when we saw this light with 3 things sticking out of oval ball that was blu/green/white like boomerang,Y,Drone?
Open,1/10/2025 21:35,Wapakoneta,OH,USA,Unknown,"“Drones,” spotted hovering over and around home.",,Drone?
Open,1/10/2025 18:37,Cambridge,MA,USA,Disk,"Massive slow, moving craft blinks all sorts of colors gliding over Harvard University",Y,Drone?
Open !,1/10/2025 3:15,Loon Lake,WA,USA,Changing,"Spotted it a mile away as a yellow orb bright light, once I came closer, it appeared to transition into some kind of plane or drone",,Drone?
Open,1/9/2025 19:20,Washago,ON,Canada,Circle,"Multiple Flying objects at various altitudes including extremley low and high, Looks like the drone sightings in the USA.",Y,Drone?
Open,1/9/2025 12:30,San José,Mendoza,Argentina,Rectangle,Green triangular craft flew at low altitude and low speed,,Drone?
Open,1/7/2025 23:29,Point Lookout,NY,USA,Unknown,Black craft with red and green lights circled point lookout at a low altitude,,Drone?
Open,1/7/2025 19:44,Canby,OR,USA,Diamond,Looked up and saw what I believe is not a plane and don’t know what it is,Y,Drone?
Open,1/7/2025 16:48,Glasgow,KY,USA,Circle,Driving along the road when I spotted 2 circular lights side by side with no blinking lights indicating a typical aircraft or drone,Y,Drone?
Open,1/7/2025 4:12,North Stonington,CT,USA,Orb,Large white light moving randomly in the sky.,,Drone?
Open,1/6/2025 7:05,Catrine,Scotland,United Kingdom,Triangle,"Same as the sightings currently happening in America, low flying ""drone"" with unusual light pattern hovering in the same spot.",,Drone?
Open,1/6/2025 0:46,Union City,CA,USA,Disk,I was sleeping and randomly woke up and to two flying discs.,Y,Drone?
Open,1/5/2025 18:39,Bushkill,PA,USA,Diamond,"Crafts appear white or black depending upon lighting, I have seen both orange and white orbs as well",Y,Drone?
Open,1/5/2025 16:00,Burlington,WI,USA,Other,A white oddly shaped aircraft the size of a large plane flew very low right overhead,,Drone?
Open,1/5/2025 1:38,Stafford,VA,USA,Unknown,"I was driving down the road going home and i seen the craft just hovering and i stopped in the middle of the road to record, it flew aw",Y,Drone?
Open,1/4/2025 21:20,Jarrell,TX,USA,Triangle,"Noted a stationary solid black triangle not moving, still",,Drone?
Open,1/4/2025 20:45,Tallmadge,OH,USA,Triangle,Loud fast moving aircraft in the dark.,,Drone?
Open,1/4/2025 18:15,Joplin,MO,USA,Changing,Triangular completely still hovering then shapeshifting silver or black red orb disk triangle,Y,Drone?
Open,1/3/2025 23:54,Tampa,FL,USA,Changing,It was close to midnight I saw what appeared to be a large metal aircraft of some sort with multicolored lights.,Y,Drone?
Open,1/3/2025 22:00,Fort Lauderdale,FL,USA,Light,Saw many objects flying in a line from west to east. Like drones from New Jersey not on radar.,Y,Drone?
Open,1/3/2025 20:08,Braubach,Rheinland-Pfalz,Germany,Light,"Observed a single red blinking light, stationary below thick clouds, which disappeared within seconds after hovering for about one minu",Y,Drone?
Open,1/3/2025 17:26,Palos Verdes Estates,CA,USA,Light,UFO flying close to ground with 2 lights very oddly shaped,Y,Drone?
Open !,1/2/2025 20:47,Narrowsburg,NY,USA,Other,Huge drone hovered over my house and reacted to me filming,Y,Drone?
Open,1/2/2025 20:00,Edinburgh,Scotland,United Kingdom,Rectangle,"Large, flying, wingless craft spotted over Inverleith Park",Y,Drone?
Open,1/2/2025 20:00,Bradford,OH,USA,Light,2 were very high up like a satellite but was moving oddly & 2 were low & hovering/moving slowly.,Y,Drone?
Open,1/2/2025 19:02,Greater Sudbury,ON,Canada,Triangle,Out in a very busy city many people seen. Low car sized drone with flashing lights.,Y,Drone?
Open,1/2/2025 17:17,Jastrowie,Greater Poland Voivodeship,Poland,Unknown,Drone like object was flying above the city and was lighting green and red but it was too low for a plane and to big to drone,,Drone?
Open,1/2/2025 17:00,Pinole,CA,USA,Oval,Extremely fast green oval light flew by then stopped on a dime hovered then flashed by and disappeared,,Drone?
Open,1/1/2025 20:30,Elma,WA,USA,Circle,"UFO appeared to be circular and had different colored lights in the front, and then there were three lights underneath it.",Y,Drone?
Open,1/1/2025 12:03,Wollert,Victoria,Australia,Circle,Very bright fast moving light with no noise,Y,Drone?
Open,12/31/2024 23:30,Lynn,MA,USA,Unknown,Flying object with red green white lights,,Drone?
Open,12/31/2024 22:10,Charlotte,NC,USA,Other,Silent drone like craft,,Drone?
Open,12/31/2024 21:30,Richmond,VA,USA,Oval,Saw this from the highway and another car stopped to try to capture it on film too.,Y,Drone?
Open,12/31/2024 21:30,Big Sky,Montana,USA,Orb,6 drones and 1 orb,,Drone?
Open,12/30/2024 17:25,North Haledon,NJ,USA,Cross,Low flying craft headed towards SE.,,Drone?
Open,12/30/2024 2:04,Scriba,NY,USA,Changing,"Stationary green red looked like almost hieroglyphic symbols, stationary appear reappear",,Drone?
Open,12/29/2024 22:20,Birch Tree,MO,USA,Changing,It appeared out of nowhere in the sky in front of me. Stayed stationary for a bit before heading west toward mountain view,,Drone?
Open,12/29/2024 21:57,Springfield,MO,USA,Changing,"Flew base first north, four light on each corner, red light, that had a halo of green in center, then went flat, base facing ground",,Drone?
Open,12/29/2024 0:12,Jud,TX,USA,Cube,It flew over house and very loud and shook house.,Y,Drone?
Open,12/27/2024 22:05,Borden,IN,USA,Orb,It started as an orb almost like on fire then a flash and as we got closer it turned into a drone and was low to the ground.,Y,Drone?
Open,12/27/2024 21:28,Seattle,WA,USA,Oval,Spotted as I was getting on the on ramp heading north on i5 by the northgate mall after work. Low enough to see with rain and fog.,,Drone?
Open,12/27/2024 19:05,Keller,TX,USA,Triangle,"Several ""Drones"" in Neighborhood",Y,Drone?
Open,12/26/2024 22:40,Fairchild Air Force Base,WA,USA,Unknown,Unusual lighted craft within no fly zone on base,,Drone?
Open,12/26/2024 20:42,Knoxville,TN,USA,Orb,"Three Pulsing Orbs with Red and Green Lights, Not Equally Spaced Out but Obviously Together",,Drone?
Open,12/26/2024 19:13,Trenton,NJ,USA,Other,Glowing orange orb attaching to the electric towers,Y,Drone?
Open,12/26/2024 17:54,Lincoln,ON,Canada,Orb,Went out for a breather and seen a orb in the sky stationary,Y,Drone?
Open,12/26/2024 12:00,Klein,TX,USA,Changing,"I saw a low flying craft, bus size, was out of sight in a couple min. Def was not a plane. Quiet",,Drone?
Open,12/26/2024 1:00,Old Bridge,NJ,USA,Changing,I was sitting in my car when I saw an orb moving crazy through the trees so that's when i took my phone and started recording,Y,Drone?
Open,12/25/2024 18:36,Nashville,TN,USA,Diamond,"Bright LED like orb that appear in the sky, then they begin to move and transform into a diamond shape with red and green flashing ligh",Y,Drone?
Open,12/24/2024 21:00,Concord,NC,USA,Triangle,Large triangle shape object flying at tree levels near houses,,Drone?
Open,12/24/2024 20:15,Lutz,FL,USA,Unknown,"As we sat on our back patio there was a flying object low in the sky, faster than a plane and silent, east and upward it disappeared",,Drone?
Open,12/24/2024 18:39,Ocoee,FL,USA,Unknown,A large object with lights flew low in the sky over the intersection.,,Drone?
Open,12/24/2024 5:30,McAllen,TX,USA,Circle,Stayed motionless for 30-45 minutes,,Drone?
Open,12/23/2024 22:40,Biel/Bienne,Canton of Bern,Switzerland,Triangle,Saw and heard a never seen b4 object with 3-4 green lights.,,Drone?
Open,12/23/2024 20:16,Naples,FL,USA,Cross,Two Stealth Aircraft hover right above me,Y,Drone?
Open,12/23/2024 19:30,Methuen,MA,USA,Other,Possible drone hovering,Y,Drone?
Open,12/23/2024 18:00,Salt Lake City,UT,USA,Changing,"Exactly like the ones I saw east coast, last week!!",,Drone?
Open,12/23/2024 1:29,,NJ,USA,Orb,Drones or orbs flying over the city,Y,Drone?
Open,12/22/2024 23:14,Franklin,TN,USA,Unknown,UFO Seen in Franklin TN,,Drone?
Open,12/22/2024 21:44,Watsonville,CA,USA,Diamond,Multiple low passes of aircraft over my house around 500 ft same direction,Y,Drone?
Open,12/22/2024 19:18,Niceville,FL,USA,Flash,"A bright “star” appeared about 50 feet above a house, shining brightly for a couple of seconds before it “flashed off”.",,Drone?
Open,12/22/2024 19:00,San Diego,CA,USA,Changing,We saw one like a month ago. Tonight it’s back. Just an orb hanging in the sky.,Y,Drone?
Open,12/22/2024 18:54,Copper Hill,VA,USA,Unknown,Looked up and saw something 200 foot above my house with flashing lights.,Y,Drone?
Open,12/22/2024 18:53,Douglasville,GA,USA,Oval,Several UFOs seen coming from north-to-south and each seemed to come to a stop and descend in a wooded area approx 0.5 miles away,Y,Drone?
,,,,,,,,
Open,12/22/2024 18:32,Cambridge,ON,Canada,Orb,Yellow and Orange Orb,,Drone?
Open,12/22/2024 18:27,Clarksville,TN,USA,Unknown,"Multiple unknown objects with blinking lights, not showing up on multiple radars",,Drone?
Open,12/22/2024 17:30,Frederick,MD,USA,Other,Craft hovering directly over highway,,Drone?
Open,12/22/2024 17:00,Bethlehem,PA,USA,Diamond,Diamond shaped drone-like craft,,Drone?
Open,12/21/2024 22:08,Lancaster,CA,USA,Orb,4 drones and 1 orb,Y,Drone?
Open,12/21/2024 20:51,Monroe,MI,USA,Circle,Strange colored still object in sky,Y,Drone?
Open,12/21/2024 20:45,Venice,FL,USA,Orb,"Saw an orb changing colors and moving up and down, left and right hovering over the Gulf of Mexico. It disappeared and reappeared.",Y,Drone?
Open,12/21/2024 18:00,Salvador,Bahia,Brazil,Changing,"Green lights, shape changed, fast exit, kinda close to airport/airbase",Y,Drone?
Open,12/21/2024 17:04,Epping,NH,USA,Circle,Video of drone,Y,Drone?
Open,12/21/2024 6:23,Freeport,IL,USA,Circle,UAP/Drone Sighting,Y,Drone?
Open,12/21/2024 6:03,Kaunas,Kaunas County,Lithuania,Cross,"Plane or drone type never seen before, just like in NJ USA",,Drone?
Open,12/20/2024 22:00,Navarro,TX,USA,Unknown,"Moving faster than I could record a drone was watching it so I know it wasn’t a drone. My friend told me to check outside , I feel bad.",,Drone?
Open,12/20/2024 21:22,Ukiah,CA,USA,Other,5 lofting and silent objects with pulsating soluble yellow to red lights .,Y,Drone?
Open,12/20/2024 20:25,Franksville,Wisconsin,USA,Other,We noticed strange drone like lights flying over our farm.,Y,Drone?
Open,12/20/2024 19:45,Maplewood,MN,USA,Sphere,One stationary sphere with several UAP around.,Y,Drone?
Open,12/20/2024 19:24,Naples,FL,USA,Cross,Stealth military plane size uap hover over residential neighborhood,Y,Drone?
Open,12/20/2024 19:00,Horsehay,England,United Kingdom,Light,White strobe lights moving at pretty high speed red and white flashing all moving at same flight path except a couple,,Drone?
Open,12/20/2024 17:30,Birmingham,AL,USA,Light,Thought it was an airplane but it started hovering in one place for around 5 to 10 sec and then continued and did the same.,Y,Drone?
Open,12/19/2024 20:44,Conyers,GA,USA,Oval,"It was flighting quite low and had about 5-6 bright lights on it. Also, it was really quiet and just coasted in a steady motion",Y,Drone?
Open,12/19/2024 19:30,Bethlehem,PA,USA,Diamond,Multiple drone-like craft,,Drone?
Open,12/19/2024 18:45,Hereford,AZ,USA,Formation,"As I was outside feeding my horses, I noticed one of the ""drones"" at first then these two white orbs followed it and disappeared",,Drone?
Open,12/19/2024 18:30,Mentor,OH,USA,Light,Large stationary object hovering above freeway,,Drone?
Open,12/19/2024 18:20,Johnstons Corner,CA,USA,Oval,Paused stayed in place then moved slowly,Y,Drone?
Open !,12/19/2024 17:40,Ottawa,ON,Canada,Changing,"Low flying, hovering silent drones and commercial plane looking craft the size of an escalade with drone maneuverability.",,Drone?
Open,12/18/2024 22:54,Fort Wayne,IN,USA,Triangle,My son was looking out the window he said he saw something come out the moon so I went to my patio window and saw a ufo drone,Y,Drone?
Open,12/18/2024 20:00,Mount Vernon,WA,USA,Triangle,Size of a small house and we saw the triangle shape as clear as day. It was blinging with one green and one red light,Y,Drone?
Open,12/18/2024 19:30,Conway,AR,USA,Unknown,"Flying over with solid lights, like a helicopter but not, flew silently.",,Drone?
Open,12/18/2024 18:12,Port Orchard,WA,USA,Triangle,Triangle shaped object,Y,Drone?
Open,12/18/2024 17:02,Duluth,MN,USA,Light,2 white lights. One hovered in one spot for a while then zipped across to another spot and stopped there.,Y,Drone?
Open,12/18/2024 3:12,Aurora,CO,USA,Orb,Was moving like a airplane at first then stopped moving has been stationary for more than 20 minutes with slight rotations,,Drone?
Open,12/18/2024 1:22,Columbus,OH,USA,Triangle,The drone was heading to my right and stopped and headed to the left when I started recording.,Y,Drone?
Open,12/17/2024 21:20,Thornton Heath,England,United Kingdom,Disk,Slowly moved over the rooftops,,Drone?
Open,12/17/2024 20:20,Winder,GA,USA,Orb,Object appeared and disappeared multiple times,Y,Drone?
Open,12/17/2024 18:01,New York,NY,USA,Other,"Saw potential ""drone"" in addition two ""triangle"" shaped drones and four blue white orbs",Y,Drone?
Open,12/17/2024 17:50,Hawley,PA,USA,Oval,Huge pill shaped craft and orb swarm,,Drone?
Open,12/17/2024 17:45,Violet,LA,USA,Orb,Saw UAP/UFO/Drone heading ENE coming from across the Mississippi river out of the SSW in a line directly over our Airforce base.,,Drone?
Open,12/17/2024 1:03,Nottingham,England,United Kingdom,Light,Walking to car after finishing work and saw something hovering,Y,Drone?
Open,12/16/2024 23:12,Richmond,VA,USA,Chevron,Dark Chevron Low Over Trees,,Drone?
Open,12/16/2024 22:10,Douglasville,GA,USA,Circle,I was looking up and seen weird orange things moving in the sky,Y,Drone?
Open,12/16/2024 20:10,Duette,FL,USA,Circle,Blinking red lights but slow moving low to ground,,Drone?
Open,12/16/2024 19:02,San Luis Obispo,CA,USA,Other,I saw a drone like the ones in New Jersey,Y,Drone?
Open,12/16/2024 19:00,Moncks Corner,SC,USA,Disk,Neighbor called and said to go outside. We counted at least 8 drones.,Y,Drone?
Open,12/16/2024 18:07,Kreuzau,Nordrhein-Westfalen,Germany,Other,"I saw 3 ""drones“ with red lights on them as big as an SUV traveling south east in quite fast speed and low altitude",,Drone?
Open !,12/16/2024 17:35,Maltby,WA,USA,Other,Pulsating bright dim bright dim.,,Drone?
Open,12/16/2024 17:10,Bicester,England,United Kingdom,Orb,"Orb was blinking, also saw a strange drone.",,Drone?
Open,12/16/2024 11:26,Oslo,Oslo,Norway,Cross,7 drones in Oslo City,Y,Drone?
Open,12/16/2024 7:30,Boise,ID,USA,Unknown,"Craft moved forward, then changed directions, had red and green flashing lights, w one bright white light 2 tail lights moved slowly",Y,Drone?
Open,12/16/2024 1:28,San Vicente,Provincia de Buenos Aires,Argentina,Cylinder,"A strange ""drone"" moving to the east.",,Drone?
Open,12/15/2024 23:35,London,ON,Canada,Orb,It looks a lot like those drones In New Jersey right now,,Drone?
Open,12/15/2024 21:18,Willard,UT,USA,Other,Drone like craft flew really close to the ground over me. It had a bright light on the front and red/green lights on the back. No sound,,Drone?
Open,12/15/2024 20:07,Woodbury,CT,USA,Orb,Multiple craft appeared and possible alien sighting,Y,Drone?
Open,12/15/2024 20:06,Palm Desert,CA,USA,Light,One craft with 4 red lights disappearing from the sky,Y,Drone?
Open,12/15/2024 19:00,New Britain,CT,USA,Triangle,I heard a plane flying by and it sounded low. When I looked outside there were 2 objects with a plane flying by.,Y,Drone?
Open,12/15/2024 18:51,Benton,IL,USA,Unknown,"It was moving very slowly, hovering and changed direction, and hovered again.",,Drone?
Open,12/15/2024 16:12,Beverly,MA,USA,Light,"7 year old grandson and I were walking the beach, saw two very bright lights hovering over the water ( lower than planes).",,Drone?
Open,12/15/2024 1:32,Hollister,CA,USA,Unknown,"Spotted an unknown drone in the night sky, hovering slowly with audible sounds. Unable to identify it. Very sketchy.",,Drone?
Open,12/15/2024 1:21,Vernon Township,NJ,USA,Rectangle,Unidentified Drones,Y,Drone?
Open,12/14/2024 23:22,Sanborn,IA,USA,Disk,Saw it for 1 minute straight flying then went faster and disappeared,,Drone?
Open,12/14/2024 22:00,Fort Erie,ON,Canada,Light,Saw white and red lights that was like the drones in New Jersey,,Drone?
Open,12/14/2024 21:15,Old Orchard Beach,ME,USA,Triangle,Triangle drone,Y,Drone?
Open,12/14/2024 21:09,Amherst,MA,USA,Unknown,Drone sighting,,Drone?
Open,12/14/2024 21:07,Hässleholm,Skåne County,Sweden,Unknown,"Was standing still, red and green",,Drone?
Open,12/14/2024 20:53,Village of Clarkston,MI,USA,Other,"I have a photo, it appears to be a drone with lights.",Y,Drone?
Open,12/14/2024 20:36,Peach Bottom,PA,USA,Cube,Possible drone object,Y,Drone?
Open,12/14/2024 19:32,Rosedale,MD,USA,Triangle,"Multiple Drone sightings near Baltimore, MD",Y,Drone?
Open !,12/14/2024 19:30,Pensacola Beach,FL,USA,Oval,"Black, highly engineered, steel carbon(?), size of half a car, red+green blinking lights, no noise, moved quickly, traveled westbound",,Drone?
Open,12/14/2024 19:21,Harrison,NY,USA,Cigar,This happened on a night that many drone sighting were happening over my house/neighborhood. I have videos of drones and crafts,Y,Drone?
Open,12/14/2024 19:00,Weymouth,MA,USA,Cross,Drones were flying routes in the vicinity of our home. The sightings are ongoing but cease in the daytime.,Y,Drone?
Open,12/14/2024 18:34,Woonsocket,RI,USA,Unknown,Loud drone. One red light on a wing and one green light on other traveling at about 10mph.,,Drone?
Open,12/14/2024 18:15,Chatham,ON,Canada,Formation,Formation of 3 drone-like vehicles,,Drone?
Open,12/14/2024 17:45,San Diego,CA,USA,Circle,10-15 spinning circular objects with white and red blinking lights,Y,Drone?
Open,12/14/2024 17:00,Bethlehem,PA,USA,Unknown,Many drone-like craft,Y,Drone?
Open,12/14/2024 15:45,Vancouver,BC,Canada,Orb,Sweeping white orbs with a spinning or flashing light or reflection coming from all around appearing and reapparing in the sky.,Y,Drone?
Open,12/14/2024 11:00,Peoria,IL,USA,Other,Glider or drone sighted,,Drone?
Open,12/14/2024 5:40,Florence,KY,USA,Triangle,While driving north bound on I-75 before hitting the Mt. Zion exit a large white V shaped air craft was almost motionless about 400 ft,,Drone?
Open,12/14/2024 3:47,Manorville,NY,USA,Cross,Looked like a plane but wasn’t a plane,,Drone?
Open,12/14/2024 3:30,Dayton,Ohio,USA,Unknown,Mothership and at least 2 other crafts,,Drone?
Open,12/14/2024 2:54,Billerica,MA,USA,Disk,"Fast moving, had 2 small green lights on the side with a bright white light in the middle of it",,Drone?
Open,12/14/2024 2:30,Canfield,OH,USA,Other,Unlit crescent moon shaped craft flying over very loud airplane sound and orbs that looked like mini shooting stars flying from craft,,Drone?
Open,12/14/2024 2:00,Leeds,England,United Kingdom,Rectangle,Was getting ready for bed went to close my bedroom blinds and saw a craft flying around in circles so opened my window to film it,Y,Drone?
Open,12/13/2024 23:45,Tampa,FL,USA,Circle,A circular shape in the sky slightly over the street light lights for highways. Flying extremely fast then disappeared into the night.,,Drone?
Open,12/13/2024 23:43,Edmonton,AB,Canada,Other,"Plane like object, drone maybe, wasn’t on any flight reports, USA drone reports are also making me super suspicious",Y,Drone?
Open,12/13/2024 21:42,Glenn Dale,MD,USA,Rectangle,Possible drone seen over Dept of Agriculture,,Drone?
Open,12/13/2024 20:30,West Islip,NY,USA,Orb,Drone sighting,Y,Drone?
Open,12/13/2024 19:20,Sparta,NJ,USA,Changing,Videos of one of the drones,Y,Drone?
Open !,12/13/2024 18:58,London,ON,Canada,Light,I saw many large drones & then a giant bright spotlight appeared and hovered over my yard silently for about 40min before leaving.,Y,Drone?
Open,12/13/2024 18:50,Florence,AZ,USA,Rectangle,ultiple objects flying around with red/green/white lights. Non-standard aircraft lighting. Lighting varies and changes,Y,Drone?
Open,12/13/2024 18:44,South Lockport,NY,USA,Disk,U shaped saucer with lights around entire perimeter. It was pretty big but really quiet,,Drone?
Open,12/13/2024 18:30,Bethlehem,PA,USA,Unknown,Many drone-like objects for 5 hours,Y,Drone?
Open,12/13/2024 18:30,Boise,ID,USA,Rectangle,Craft flying at moderate rate of speed over Boise,,Drone?
Open,12/13/2024 17:51,Sarnia,ON,Canada,Triangle,Seen a large “drone” flying low over field off of Churchill Rd and Indian Rd S. It was blinking green and red,Y,Drone?
Open,12/13/2024 17:50,Pittsfield,MA,USA,Triangle,I go outside and just see drones changing colors,Y,Drone?
Open,12/13/2024 17:37,Everett,WA,USA,Circle,I was looking from my oceanfront window at the islands (Whidbey and Hat island) There were numerous drones.,Y,Drone?
Open,12/13/2024 17:30,Chisago City,MN,USA,Unknown,Strange drone/orb,,Drone?
Open,12/13/2024 17:20,Minneapolis,MN,USA,Triangle,"Multiple craft with red and white flashing lights, unusual flight patterns, no noise, and many ""hovering"" over city skyline.",,Drone?
Open,12/13/2024 17:09,Barkhamsted,CT,USA,Rectangle,"3 bright non blinking lights, in large triangle formation",,Drone?
Open,12/13/2024 7:10,Eugene,OR,USA,Unknown,"Similar to drone sightings seen all across the country, notoriously New Jersey",,Drone?
Open,12/13/2024 0:35,Pound Ridge,NY,USA,Cylinder,It looked like a drone hovering on top of the school,,Drone?
Open,12/12/2024 23:58,Schomberg,ON,Canada,Orb,Bright orb of light flies overhead,,Drone?
Open,12/12/2024 23:56,Elm Creek,TX,USA,Orb,I was outside venturing when i saw an white spherical orb in the air. it was no helicopter and no aircraft were in the air,,Drone?
,,,,,,,,
Open,12/12/2024 23:55,Los Alamitos,CA,USA,Orb,2 large glowing orbs near the moon about 1/3 the size of the moon and a drone similar to the New Jersey drones low over a building,,Drone?
Open,12/12/2024 22:45,East Providence,RI,USA,Teardrop,"UFO approached slowly, hovered above area briefly then darted back in the same direction it came at lightening speed",,Drone?
Open,12/12/2024 22:00,Woodbury,MN,USA,Diamond,About 4 aircraft… appear to be normal planes but look like diamonds with a light on each tip when they turn to the side.,,Drone?
Open,12/12/2024 21:55,Upper Freehold,NJ,USA,Light,Pulsating undulating orb of light. Appeared like moving multicolored plasma.,,Drone?
Open,12/12/2024 21:20,Barryville,NY,USA,Other,Two witnesses saw a very large drone with a green and red light which responded to us parking by speeding out of view,,Drone?
Open,12/12/2024 20:40,Wadsworth,OH,USA,Triangle,Triangle shaped UFO (2 witnesses),,Drone?
Open,12/12/2024 20:00,Sanford,FL,USA,Circle,"Green ""drone"" with flashing red light",,Drone?
Open,12/12/2024 19:57,Champlin,MN,USA,Other,"Silent drone large over 5,000 acre park reserve.",,Drone?
Open,12/12/2024 19:49,Yardley,PA,USA,Light,"Bright object just hovering in place, lights went down and it flew away",Y,Drone?
Open,12/12/2024 19:15,Alliance,OH,USA,Triangle,"Triangular shaped object the size of a car flying low with a red, green and white light with no sound.",,Drone?
Open,12/12/2024 19:15,Andover,MA,USA,Disk,I was a passenger of a car that was driving and glanced out the window and saw up in the sky there was a disk like thing with 4 lights,,Drone?
Open,12/12/2024 19:00,Aurora,CO,USA,Triangle,Triangular Silent Drone Hovering,,Drone?
Open,12/12/2024 18:45,Birmingham,AL,USA,Disk,Flashing Drone,,Drone?
Open,12/12/2024 18:05,Chicago,IL,USA,Orb,Viewed several mostly stationary orbs hovering just above lake Michigan roughly 1 mile from shore,Y,Drone?
Open !,12/12/2024 15:50,Rocky Mount,VA,USA,Rectangle,"SUV sized, matte black drone light craft observed flying overhead in broad daylight.",,Drone?
Open,12/12/2024 6:50,Troy,IL,USA,Triangle,We thought it was a plane until it came down close very very bright lights was not a plane looked to be a large drone with no wings,Y,Drone?
Open,12/12/2024 6:45,Portland,OR,USA,Cigar,"Saw object hovering in air, very low altitude, with 2 white lights on either end, on my drive to work.",,Drone?
Open,12/11/2024 22:45,Colonial Heights,VA,USA,Changing,Like the ones seen in NJ,,Drone?
Open,12/11/2024 21:45,Prince Frederick,MD,USA,Changing,"Saw 4 UFOs - orbs bouncing and changing directions, speed, and shape rapidly. Also saw countless drones and airplanes.",Y,Drone?
Open,12/11/2024 20:59,Bridgeport,TX,USA,Oval,Saw drones with it ..everywhere.. 15 at close range,,Drone?
Open,12/11/2024 20:13,Haltom City,TX,USA,Triangle,"Multiple aircraft spotted in south haltom city, white aircraft with white red and green blinking lights unregistered crafts",Y,Drone?
Open,12/11/2024 18:48,Jacksonville,FL,USA,Unknown,I seen multiple things in the sky that did not resemble airplanes or helicopters,Y,Drone?
Open,12/11/2024 18:30,Portland,ME,USA,Unknown,Large craft flying slow and low without sound,,Drone?
Open,12/11/2024 17:32,Palos Heights,IL,USA,Changing,"I was pulling up my drivewayI saw a bright light in sky on East side and one exact on West side,then big object with red white blinking",Y,Drone?
Open,12/10/2024 23:47,Saucier,MS,USA,Circle,Cellphones may show it to be pulsating but with my own eyes it was as well,Y,Drone?
Open,12/10/2024 22:00,Friendswood,TX,USA,Circle,Several objects across the sky with white and red light. Hovering in place.,Y,Drone?
Open,12/10/2024 21:25,Irvine,CA,USA,Rectangle,"Sighted several objects with flashing lights, hovering in place and then slowly moving a bit to another location within view.",,Drone?
Open,12/10/2024 21:00,Hartwell,GA,USA,Orb,"In Dec 2024, I saw a hovering red and green-lit orb moving unlike planes. I often watch the sky—this doesn’t match known tech.",,Drone?
Open,12/10/2024 19:00,Hanahan,SC,USA,Other,8-12’ long small scale fighter jet-like with angled surface - two fixed wings and 4 quad copter arms protruding in front of and rear,Y,Drone?
Open,12/10/2024 17:45,Carlsbad,CA,USA,Triangle,"Large drone with 3 bright white lights shaped similar to airplane, but way too low and flying too slow to be a plane.",Y,Drone?
Open,12/9/2024 23:20,Marina del Rey,CA,USA,Triangle,"Saw a triangular shape flying by the tree lines, had 3 lights on each point, honked my car & disappeared into tree lines",,Drone?
Open,12/9/2024 21:19,Bowie,MD,USA,Cylinder,Turned off of Belair Drive onto Sun Way and spotted one drone sitting ahead in the sky. It was green and red flashing.,,Drone?
Open,12/9/2024 18:30,Hatboro,PA,USA,Unknown,"Car sized UAP/drone travelling at highway-ish speeds just over treetops, no blinking lights. Very low altitude.",,Drone?
Open,12/8/2024 2:45,London,KY,USA,Formation,6 to 8 small drones flying in formation extremely fast with no sound,,Drone?
Open,12/7/2024 21:15,Glasgow,KY,USA,Triangle,A triangular craft was spotted hovering very low above our house.,,Drone?
Open,12/7/2024 19:20,Atlanta,GA,USA,Cylinder,It was about 40ft long and silently hovered then flew off at high speed.,,Drone?
Open,12/7/2024 17:50,West Mifflin,PA,USA,Rectangle,One of the ominous drones being seen in the recent UFO Flap,,Drone?
Open,12/6/2024 21:15,,PA,USA,Sphere,"The three that we saw continued East. Two somewhat together and 1 falling a few mins behind, but all heading East.",Y,Drone?
Open,12/6/2024 19:20,Morris Plains,NJ,USA,Disk,Recently across Morris & Somerset County New Jersey drones have been flying across Picatinny Military Base & Trumps golf course.,Y,Drone?
Open,12/6/2024 18:00,West Hollywood,CA,USA,Light,I was on a walk on my boyfriend when I noticed some sort of aircraft flying in a bizarre pattern.,,Drone?
Open,12/6/2024 2:11,Vienna,VA,USA,Changing,Unknown object flashing light and flying erratically,,Drone?
Open,12/5/2024 18:30,Gastonia,NC,USA,Triangle,"Multiple ""drone-like"" objects hovering and flying across the sky.",Y,Drone?
Open,12/5/2024 18:00,Aywaille,Wallonia,Belgium,Light,Group of lights flying in various directions,,Drone?
Open,12/5/2024 17:48,Jersey City,NJ,USA,Triangle,I was looking for the International Space Station. Instead this was moving back and forth.,Y,Drone?
Open,12/5/2024 16:55,Veszprém,,Hungary,Chevron,Seen flying over Veszprem CITY,Y,Drone?
Open,12/4/2024 22:03,Prattville,AL,USA,Triangle,"3 lights flashing red, blue, green",,Drone?
Open,12/4/2024 19:26,Lakewood,NJ,USA,Changing,"This object flipped around in the sky, changed shapes, different colors.",Y,Drone?
Open,12/4/2024 19:00,Factoryville,PA,USA,Orb,Saw a drone. Followed it for a while. Then saw an orb the next night. It flew in numerous different directions and at different speeds.,,Drone?
Open,12/4/2024 18:22,Berea,KY,USA,Triangle,"Was driving looked up and saw flashing lights, it didn’t move for 10 mins. Left came back through 20 mins , it was gone",Y,Drone?
Open,12/4/2024 3:00,Ponca City,OK,USA,Triangle,Unknown shape with red green and white strobe like lights on aft and nose aswell as lateral on traditional wingswing position.,,Drone?
Open,12/3/2024 22:49,Lebanon,NJ,USA,Triangle,"Lights in sky. Not planes or helicopters, didn't move like drones",Y,Drone?
Open,12/3/2024 4:44,Portland,OR,USA,Light,Weird changing ball of light,,Drone?
Open,12/2/2024 19:00,Oak Ridge,NC,USA,Circle,Hovering UAP/Drone?,Y,Drone?
Open,12/2/2024 17:50,Broadmoor,CA,USA,Triangle,I was driving & in the sky I saw a triangular shaped object. Going slow & hovering. Not high up. 3 lights,,Drone?
Open,12/1/2024 14:30,Stephenville,TX,USA,Cube,I thought I heard a helicopter on my home I went out side . It was a giant looking drone 10 ft above.,,Drone?
Open,11/30/2024 21:21,Vila Nova de Cacela,Faro,Portugal,Light,I saw what looked like an airplane that turned its lights off when noticing i was staring.,,Drone?
Open,11/30/2024 20:25,East Greenwich Township,NJ,USA,Unknown,Initially looked to be plane losing altitude; upon passing the craft was hovering motionless and silent roughly 100 ft above power line,Y,Drone?
Open,11/29/2024 21:23,El Maton,TX,USA,Circle,"The ufo stayed in one spot and flashed all kinds of colors. Mostly blue, green, and red.",,Drone?
Open !,11/25/2024 22:10,Syosset,NY,USA,Unknown,"On the night of November 25, 2024, I was leaving work at the LIU/CW Post Tilles Center in Greenvale (north shore of Nassau County, near",,Drone?
Open,11/22/2024 22:07,Ferndale,WA,USA,Circle,I was driving home from work and I look up and I see 3 hovering circles (blue and red) hovering in precise formation,,Drone?
Open,11/21/2024 17:38,Fredericksburg,VA,USA,Other,"It looked like a drone but it was stationary, it would very slowly move and was there for a couple of days.",Y,Drone?
Open,11/20/2024 17:44,Canton,CT,USA,Formation,A disappearing craft,,Drone?
Open,11/20/2024 5:32,Los Angeles,CA,USA,Unknown,"Night time shot of changing lights, hovering, no sound",Y,Drone?
Open,11/15/2024 19:35,Pearland,TX,USA,Triangle,A triangle shaped aircraft with flashing lights stopped to hover in the air for a minute before speeding off.,Y,Drone?
Open,11/15/2024 4:34,Woburn,MA,USA,Circle,"I was on my deck and looked over the first time. It was a drone, but it was way too big it was definitely not a plane",Y,Drone?
Open,11/13/2024 17:05,San Diego,CA,USA,Circle,About 5-6 aircrafts appear around the Talmadge neighborhood (San Diego) every day after the sunset until sunrise the next morning.,Y,Drone?
Open,11/10/2024 12:33,Balneário Camboriú,State of Santa Catarina,Brazil,Circle,White object making sharp direction changes behind building.,Y,Drone?
Open,11/9/2024 22:32,Columbus,IN,USA,Cigar,outside smoking a cigarette and seen flashing lights.,Y,Drone?
Open,11/7/2024 19:49,St. Clair Shores,MI,USA,Sphere,"Small blue orb, initially thought it was a drone, but there was no sound coming from it and it moved way too fast",Y,Drone?
Open,10/25/2024 18:30,Heiligenkreuz am Waasen,Styria,Austria,Other,There was a strange object in the sky that didn’t move and was blinking.,Y,Drone?
Open,10/15/2024 20:25,Keller,TX,USA,Cylinder,I was at something I’d never seen before,Y,Drone?
Open,10/15/2024 6:30,Cutler,IN,USA,Triangle,Multiple blue white lights dimming as it flew an erratic pattern overhead,Y,Drone?
Open,10/14/2024 0:12,Toronto,ON,Canada,Rectangle,"Was like a drone that looked like a plane or helicopter, but I don't think it was",Y,Drone?
Open,10/10/2024 20:53,Taylorsville,GA,USA,Light,Five drone looking crafts creating a circle formation then drifting off and going back to a circle formation,Y,Drone?
Open,10/8/2024 21:00,Endicott,NY,USA,Other,Saw something invisible watching me then saw an object above our home a minute later,,Drone?
Open,10/1/2024 23:00,Pendleton,IN,USA,Triangle,"They are virtually silent and I've seen them with blue lights, red lights, and orange lights",Y,Drone?
Open,9/23/2024 20:01,Manzanita,OR,USA,Orb,"Object low in sky to the south. Manoeuvred in different directions up, down and side to side",Y,Drone?
Open,9/21/2024 15:19,Omega,OK,USA,Orb,"We were on the balcony, and we saw a round thing changing its shape in the sky with specs of light and then it just disspeared",,Drone?
Open,9/16/2024 19:20,Pittsfield,MA,USA,Triangle,I go outside and just see drones changing colors,Y,Drone?
Open,9/9/2024 23:30,Theotokos,,Greece,Orb,At 11:30pm I saw a green light in the sky and started recording on my phone.,Y,Drone?
Open,9/2/2024 20:27,Shkodër,Shkodër County,Albania,Light,"Flashing green light object appears to understand morse code messages from flashing camera light, object moved with intelligent design",Y,Drone?
Open,8/22/2024 22:30,Missoula,MT,USA,Light,"Blue light, Zipping",,Drone?
Open,8/21/2024 22:50,Colorado Springs,CO,USA,Orb,I sent picture and videos to TV station KRDO. Two people responded saying I was one of many that saw this craft hovering over the city.,Y,Drone?
Open,8/21/2024 20:11,Wentzville,MO,USA,Triangle,A triangular object with lights that hovered and spun,Y,Drone?
Open,8/20/2024 23:00,Bromborough,England,United Kingdom,Light,"Flashing lights, moving steadily",,Drone?
Open,8/6/2024 0:44,Stanwood,WA,USA,Chevron,I was on my deck this thing flew over me,Y,Drone?
Open,7/27/2024 21:31,Calshot,England,United Kingdom,Circle,Two lights materialised and moved away,Y,Drone?
Open,7/26/2024 12:02,Hounslow,England,United Kingdom,Sphere,"As the plane was coming to land, in the video from 8 seconds to the end of the video, an object zooms past the plane.",Y,Drone?
Open,7/21/2024 22:35,Grand Junction,CO,USA,Triangle,Black triangle with three flashing white lights. 600 feet in the air moving slowly Southeast,Y,Drone?
Open,7/20/2024 23:44,Rivière-à-Pierre,QC,Canada,Orb,"Bright white light turns to red no plane engine sound before and after, relative low altitude",,Drone?
Open,7/18/2024 23:06,Utica,IN,USA,Triangle,On way home and seen what I thought was typical aircraft until I noticed it was stationary.,,Drone?
Open,7/17/2024 20:25,Folsom,CA,USA,Disk,I was sitting on my porch with my mom and I looked up to see a grey circle with a bright white spot in the middle flying by,,Drone?
Open,7/8/2024 21:00,Morley,England,United Kingdom,Star,"Object hovered over house, looked like a star, police dismissed as possible drone due to height. Couldn't find telescope, object disapp",,Drone?
Open,7/8/2024 12:05,Ellicottville,NY,USA,Unknown,Small dark object moving through the sky with speed,,Drone?
Open,7/5/2024 1:10,Reisterstown,MD,USA,Oval,Circular Drone type Craft with 2 green blinking lights to the rear of the drone or craft.,,Drone?
Open,6/20/2024 4:30,Oklahoma City,OK,USA,Light,Erratically moving light at high altitude,,Drone?
Open,6/17/2024 21:02,Marietta,GA,USA,Light,Spinning green light moving extremely fast as seen in video,Y,Drone?
Open,6/15/2024 22:55,Troy,MI,USA,Light,"Saw 2 flying objects that looked like planes, but were stopping and turning randomly in different directions.",,Drone?
Open,6/2/2024 15:30,Forsyth,MO,USA,Circle,Moved in a straight line. Clear blue sky.,,Drone?
Open,5/11/2024 1:30,Tiefenbronn,Baden-Württemberg,Germany,Triangle,"Fast and slow movement with standing still up and down, no sound",,Drone?
,,,,,,,,
Open,5/7/2024 22:10,St. Cloud,MN,USA,Light,"Light traveling fast and then vanished, followed by another aircraft.",,Drone?
Open,4/20/2024 20:46,Sacramento,CA,USA,Orb,Appeared glowing orange at first until the lights went out. A gray circular or square rotating object hovered over us.,,Drone?
Open,4/11/2024 23:56,Youngstown,OH,USA,Cross,Cross shaped object with orange lights broke apart.,,Drone?
Open,3/31/2024 3:19,Seattle,WA,USA,Circle,UFO with red/white light seen in Seattle,Y,Drone?
Open,3/9/2024 17:40,El Monte,CA,USA,Other,Two lights were flying in the sky by the craft or ship they were attached to was invisible,,Drone?
Open,1/18/2024 22:15,Bozeman,MT,USA,Unknown,"Humming sound drew my attention to look out window, saw flying object move toward/over where our home is and neighboring property",,Drone?
Open,12/28/2023 20:49,Acapulco de Juárez,Guerrero,Mexico,Circle,Maybe drone or maybe ufo,Y,Drone?
Open,12/10/2023 17:14,Scottsdale,AZ,USA,Circle,"Possibly drone, but very high altitude",Y,Drone?
Open,11/30/2023 12:00,Ponte Vedra Beach,FL,USA,Cigar,"Saw two tictac shaped objects, silent from where I was, swimming backstroke. 3rd object came shortly after.",,Drone?
Open,11/1/2023 20:15,Toms River,NJ,USA,Orb,Two orbs spinning clockwise parallel from each other stop when horizontal spread out farther and disappear,,Drone?
Open,10/30/2023 17:35,Qingdao,Shandong,China,Flash,A green UFO flashing in the sky,,Drone?
Open,10/28/2023 20:02,Scottsdale,AZ,USA,Other,Bright blinking green light that would change directions very quickly,Y,Drone?
Open,10/23/2023 17:41,Ciudad Obregón,Sonora,Mexico,Cylinder,"Type of cylinder with a propeller, first it was coming down, then it rose and disappeared.",Y,Drone?
Open,10/11/2023 18:36,Hot Springs,AR,USA,Cigar,"No visible wings, moving slow and odd sound",,Drone?
Open,9/16/2023 16:50,Chicago,IL,USA,Cross,"Item, larger than an eagle, traveling eastward (and potentially a little north or south) , not moving upwards or downwards in the sky.",Y,Drone?
Open,9/15/2023 4:40,Lubbock,TX,USA,Unknown,Blinking lights in the sky,Y,Drone?
Open,8/9/2023 12:13,Spring Hill,FL,USA,Circle,Weird circle blinking,Y,Drone?
Open,8/1/2023 22:50,Surrey,,United Kingdom,Light,"Green/red light flying high, erratically and very fast stopping occasionally for about one minute",Y,Drone?
Open,7/31/2023 22:15,Naples,FL,USA,Other,Long slow flight of smallish aircraft west to east. Resembled a drone at first.,,Drone?
Open,7/22/2023 21:00,Port Aransas,TX,USA,Light,"Night, blinking lights, traveling ~200MPH, about 10 - 20K feet, ""Zig-zag-blink-flying""",,Drone?
Open,7/19/2023 23:00,Eagle Grove,IA,USA,Triangle,My friend saw this at his home,Y,Drone?
Open,7/4/2023 21:38,Fresno,CA,USA,Orb,Green oval shape object hovering and moving around around 15 minutes.,Y,Drone?
Open,7/4/2023 21:35,Brunswick,MD,USA,Formation,Quick moving lights in synchronization. No sound or trails. Disappeared and reapeard on walk to apartment. Objects changed colors a lot,Y,Drone?
Open,6/24/2023 21:20,Margate,England,United Kingdom,Circle,"Heard noise, looked to see craft flying overhead. Then came back towards me. dropped in height, looked at me it seemed and left",,Drone?
Open,6/22/2023 1:38,Benson,AZ,USA,Unknown,"I witnessed a very large, very quiet, & very low object slowly hovering over my neighborhood at 1:30 in the morning.",Y,Drone?
Open,5/14/2023 20:00,The Villages,FL,USA,Changing,Didn't notice until I started processing digital photos,Y,Drone?
Open,5/12/2023 21:04,Bucksport,ME,USA,Triangle,Some soft engine noise slow moving @75 feet up from the bay headed east northeast inland.,,Drone?
Open,4/10/2023 21:15,Sterling,CT,USA,Unknown,"Flickering object, changing colors",,Drone?
Open,4/6/2023 17:30,Just east of Catalina Island,CA,USA,Other,"Small orb with satellite like appendages, skinny barbs",,Drone?
Open,3/22/2023 20:30,Midlothian,VA,USA,Circle,Our family has seen an object with bright lights for over 30 minutes,,Drone?
Open,3/8/2023 18:48,Arenas valley,NM,USA,Star,Star like object bright moving changing directions fast,Y,Drone?
Open,2/24/2023 0:02,Denver or Littleton,CO,USA,Unknown,"Twice I’ve seen a bright light, with various colors, hovering in the sky",,Drone?
Open,1/23/2023 19:00,Anuppur,Madhya Pradesh,India,Triangle,It was something different. Triangle shape with lots of light and was at a height where even drones can't reach.,Y,Drone?
Open,12/15/2022 1:30,Mobile,AL,USA,Circle,Traveled horizontally slowly. Stopped and sat for a few secs. Darted down left. Stopped. Then fast north.,,Drone?
Open,7/7/2022 21:10,Milwaukee,WI,USA,Cross,"Noiseless, rapid object originated at 185 degrees, overflew and continued steadily, adjusting to 300 degree bearing. Multiple lights.",,Drone?
Open,7/31/2021 20:55,Chardon,OH,USA,Sphere,"Viewed what I initially speculated to be a bright satellite traversing west to east, but it slowed, hovered and slowly traversed west.",Y,Drone?
Open,3/17/2020 18:32,Richmond,CA,USA,Disk,I noticed lights in the sky leaving Chevron Richmond refinery after my shift. I pulled over and got out to take the attached video.,Y,Drone?
Open,7/18/2018 3:39,South cal,CA,USA,Orb,Cold drone-like object flying fast and low captured on a flir380c,,Drone?
Open,9/21/2017 16:30,Boromlya,Sums'ka oblast,Ukraine,Sphere,I saw a UFO only in a photo from the scene,Y,Drone?
Open,9/17/2016 23:00,São Vendelino,State of Rio Grande do Sul,Brazil,Disk,"Lights - red, blue, white and light blue",,Drone?
Open,7/1/2015 9:00,Perloja,Alytaus apskritis,Lithuania,Unknown,Few seconds with a flying sound,,Drone?
Open,8/14/2012 22:00,Manorville,NY,USA,Cone,Driving home from work. Saw craft next to me hovered out of no where. It hovered,,Drone?
Open,3/10/2012 17:00,Venice,Veneto,Italy,Formation,I was exporting a photo to my laptop and decided to modify the photo. it was then that I spotted the unusual image that I had not seen,Y,Drone?
Open,11/26/1975 18:00,Wheeling,WV,USA,Circle,Red lights around the center,,Drone?
